"module name","license","repository"
"@babel/cli@7.1.2","MIT","https://github.com/babel/babel/tree/master/packages/babel-cli"
"@babel/code-frame@7.0.0","MIT","https://github.com/babel/babel/tree/master/packages/babel-code-frame"
"@babel/core@7.1.2","MIT","https://github.com/babel/babel/tree/master/packages/babel-core"
"@babel/generator@7.1.3","MIT","https://github.com/babel/babel/tree/master/packages/babel-generator"
"@babel/helper-annotate-as-pure@7.0.0","MIT","https://github.com/babel/babel/tree/master/packages/babel-helper-annotate-as-pure"
"@babel/helper-builder-binary-assignment-operator-visitor@7.1.0","MIT","https://github.com/babel/babel/tree/master/packages/babel-helper-builder-binary-assignment-operator-visitor"
"@babel/helper-call-delegate@7.1.0","MIT","https://github.com/babel/babel/tree/master/packages/babel-helper-call-delegate"
"@babel/helper-define-map@7.1.0","MIT","https://github.com/babel/babel/tree/master/packages/babel-helper-define-map"
"@babel/helper-explode-assignable-expression@7.1.0","MIT","https://github.com/babel/babel/tree/master/packages/babel-helper-explode-assignable-expression"
"@babel/helper-function-name@7.1.0","MIT","https://github.com/babel/babel/tree/master/packages/babel-helper-function-name"
"@babel/helper-get-function-arity@7.0.0","MIT","https://github.com/babel/babel/tree/master/packages/babel-helper-get-function-arity"
"@babel/helper-hoist-variables@7.0.0","MIT","https://github.com/babel/babel/tree/master/packages/babel-helper-hoist-variables"
"@babel/helper-member-expression-to-functions@7.0.0","MIT","https://github.com/babel/babel/tree/master/packages/babel-helper-member-expression-to-functions"
"@babel/helper-module-imports@7.0.0","MIT","https://github.com/babel/babel/tree/master/packages/babel-helper-module-imports"
"@babel/helper-module-transforms@7.1.0","MIT","https://github.com/babel/babel/tree/master/packages/babel-helper-module-transforms"
"@babel/helper-optimise-call-expression@7.0.0","MIT","https://github.com/babel/babel/tree/master/packages/babel-helper-optimise-call-expression"
"@babel/helper-plugin-utils@7.0.0","MIT","https://github.com/babel/babel/tree/master/packages/babel-helper-plugin-utils"
"@babel/helper-regex@7.0.0","MIT","https://github.com/babel/babel/tree/master/packages/babel-helper-regex"
"@babel/helper-remap-async-to-generator@7.1.0","MIT","https://github.com/babel/babel/tree/master/packages/babel-helper-remap-async-to-generator"
"@babel/helper-replace-supers@7.1.0","MIT","https://github.com/babel/babel/tree/master/packages/babel-helper-replace-supers"
"@babel/helper-simple-access@7.1.0","MIT","https://github.com/babel/babel/tree/master/packages/babel-helper-simple-access"
"@babel/helper-split-export-declaration@7.0.0","MIT","https://github.com/babel/babel/tree/master/packages/babel-helper-split-export-declaration"
"@babel/helper-wrap-function@7.1.0","MIT","https://github.com/babel/babel/tree/master/packages/babel-helper-wrap-function"
"@babel/helpers@7.1.2","MIT","https://github.com/babel/babel/tree/master/packages/babel-helpers"
"@babel/highlight@7.0.0","MIT","https://github.com/babel/babel/tree/master/packages/babel-highlight"
"@babel/parser@7.1.3","MIT","https://github.com/babel/babel/tree/master/packages/babel-parser"
"@babel/plugin-proposal-async-generator-functions@7.1.0","MIT","https://github.com/babel/babel/tree/master/packages/babel-plugin-proposal-async-generator-functions"
"@babel/plugin-proposal-json-strings@7.0.0","MIT","https://github.com/babel/babel/tree/master/packages/babel-plugin-proposal-json-strings"
"@babel/plugin-proposal-object-rest-spread@7.0.0","MIT","https://github.com/babel/babel/tree/master/packages/babel-plugin-proposal-object-rest-spread"
"@babel/plugin-proposal-optional-catch-binding@7.0.0","MIT","https://github.com/babel/babel/tree/master/packages/babel-plugin-proposal-optional-catch-binding"
"@babel/plugin-proposal-unicode-property-regex@7.0.0","MIT","https://github.com/babel/babel/tree/master/packages/babel-plugin-proposal-unicode-property-regex"
"@babel/plugin-syntax-async-generators@7.0.0","MIT","https://github.com/babel/babel/tree/master/packages/babel-plugin-syntax-async-generators"
"@babel/plugin-syntax-json-strings@7.0.0","MIT","https://github.com/babel/babel/tree/master/packages/babel-plugin-syntax-json-strings"
"@babel/plugin-syntax-object-rest-spread@7.0.0","MIT","https://github.com/babel/babel/tree/master/packages/babel-plugin-syntax-object-rest-spread"
"@babel/plugin-syntax-optional-catch-binding@7.0.0","MIT","https://github.com/babel/babel/tree/master/packages/babel-plugin-syntax-optional-catch-binding"
"@babel/plugin-transform-arrow-functions@7.0.0","MIT","https://github.com/babel/babel/tree/master/packages/babel-plugin-transform-arrow-functions"
"@babel/plugin-transform-async-to-generator@7.1.0","MIT","https://github.com/babel/babel/tree/master/packages/babel-plugin-transform-async-to-generator"
"@babel/plugin-transform-block-scoped-functions@7.0.0","MIT","https://github.com/babel/babel/tree/master/packages/babel-plugin-transform-block-scoped-functions"
"@babel/plugin-transform-block-scoping@7.0.0","MIT","https://github.com/babel/babel/tree/master/packages/babel-plugin-transform-block-scoping"
"@babel/plugin-transform-classes@7.1.0","MIT","https://github.com/babel/babel/tree/master/packages/babel-plugin-transform-classes"
"@babel/plugin-transform-computed-properties@7.0.0","MIT","https://github.com/babel/babel/tree/master/packages/babel-plugin-transform-computed-properties"
"@babel/plugin-transform-destructuring@7.1.3","MIT","https://github.com/babel/babel/tree/master/packages/babel-plugin-transform-destructuring"
"@babel/plugin-transform-dotall-regex@7.0.0","MIT","https://github.com/babel/babel/tree/master/packages/babel-plugin-transform-dotall-regex"
"@babel/plugin-transform-duplicate-keys@7.0.0","MIT","https://github.com/babel/babel/tree/master/packages/babel-plugin-transform-duplicate-keys"
"@babel/plugin-transform-exponentiation-operator@7.1.0","MIT","https://github.com/babel/babel/tree/master/packages/babel-plugin-transform-exponentiation-operator"
"@babel/plugin-transform-for-of@7.0.0","MIT","https://github.com/babel/babel/tree/master/packages/babel-plugin-transform-for-of"
"@babel/plugin-transform-function-name@7.1.0","MIT","https://github.com/babel/babel/tree/master/packages/babel-plugin-transform-function-name"
"@babel/plugin-transform-literals@7.0.0","MIT","https://github.com/babel/babel/tree/master/packages/babel-plugin-transform-literals"
"@babel/plugin-transform-modules-amd@7.1.0","MIT","https://github.com/babel/babel/tree/master/packages/babel-plugin-transform-modules-amd"
"@babel/plugin-transform-modules-commonjs@7.1.0","MIT","https://github.com/babel/babel/tree/master/packages/babel-plugin-transform-modules-commonjs"
"@babel/plugin-transform-modules-systemjs@7.1.3","MIT","https://github.com/babel/babel/tree/master/packages/babel-plugin-transform-modules-systemjs"
"@babel/plugin-transform-modules-umd@7.1.0","MIT","https://github.com/babel/babel/tree/master/packages/babel-plugin-transform-modules-umd"
"@babel/plugin-transform-new-target@7.0.0","MIT","https://github.com/babel/babel/tree/master/packages/babel-plugin-transform-new-target"
"@babel/plugin-transform-object-super@7.1.0","MIT","https://github.com/babel/babel/tree/master/packages/babel-plugin-transform-object-super"
"@babel/plugin-transform-parameters@7.1.0","MIT","https://github.com/babel/babel/tree/master/packages/babel-plugin-transform-parameters"
"@babel/plugin-transform-regenerator@7.0.0","MIT","https://github.com/babel/babel/tree/master/packages/babel-plugin-transform-regenerator"
"@babel/plugin-transform-shorthand-properties@7.0.0","MIT","https://github.com/babel/babel/tree/master/packages/babel-plugin-transform-shorthand-properties"
"@babel/plugin-transform-spread@7.0.0","MIT","https://github.com/babel/babel/tree/master/packages/babel-plugin-transform-spread"
"@babel/plugin-transform-sticky-regex@7.0.0","MIT","https://github.com/babel/babel/tree/master/packages/babel-plugin-transform-sticky-regex"
"@babel/plugin-transform-template-literals@7.0.0","MIT","https://github.com/babel/babel/tree/master/packages/babel-plugin-transform-template-literals"
"@babel/plugin-transform-typeof-symbol@7.0.0","MIT","https://github.com/babel/babel/tree/master/packages/babel-plugin-transform-typeof-symbol"
"@babel/plugin-transform-unicode-regex@7.0.0","MIT","https://github.com/babel/babel/tree/master/packages/babel-plugin-transform-unicode-regex"
"@babel/preset-env@7.1.0","MIT","https://github.com/babel/babel/tree/master/packages/babel-preset-env"
"@babel/register@7.0.0","MIT","https://github.com/babel/babel/tree/master/packages/babel-register"
"@babel/template@7.1.2","MIT","https://github.com/babel/babel/tree/master/packages/babel-template"
"@babel/traverse@7.1.4","MIT","https://github.com/babel/babel/tree/master/packages/babel-traverse"
"@babel/types@7.1.3","MIT","https://github.com/babel/babel/tree/master/packages/babel-types"
"@samverschueren/stream-to-observable@0.3.0","MIT","https://github.com/SamVerschueren/stream-to-observable"
"@sindresorhus/df@1.0.1","MIT","https://github.com/sindresorhus/df"
"@sindresorhus/df@2.1.0","MIT","https://github.com/sindresorhus/df"
"@webassemblyjs/ast@1.7.11","MIT","https://github.com/xtuc/webassemblyjs"
"@webassemblyjs/floating-point-hex-parser@1.7.11","MIT","https://github.com/xtuc/webassemblyjs"
"@webassemblyjs/helper-api-error@1.7.11","MIT",""
"@webassemblyjs/helper-buffer@1.7.11","MIT","https://github.com/xtuc/webassemblyjs"
"@webassemblyjs/helper-code-frame@1.7.11","MIT","https://github.com/xtuc/webassemblyjs"
"@webassemblyjs/helper-fsm@1.7.11","ISC",""
"@webassemblyjs/helper-module-context@1.7.11","MIT","https://github.com/xtuc/webassemblyjs"
"@webassemblyjs/helper-wasm-bytecode@1.7.11","MIT","https://github.com/xtuc/webassemblyjs"
"@webassemblyjs/helper-wasm-section@1.7.11","MIT","https://github.com/xtuc/webassemblyjs"
"@webassemblyjs/ieee754@1.7.11","MIT",""
"@webassemblyjs/leb128@1.7.11","MIT",""
"@webassemblyjs/utf8@1.7.11","MIT","https://github.com/xtuc/webassemblyjs"
"@webassemblyjs/wasm-edit@1.7.11","MIT","https://github.com/xtuc/webassemblyjs"
"@webassemblyjs/wasm-gen@1.7.11","MIT","https://github.com/xtuc/webassemblyjs"
"@webassemblyjs/wasm-opt@1.7.11","MIT","https://github.com/xtuc/webassemblyjs"
"@webassemblyjs/wasm-parser@1.7.11","MIT","https://github.com/xtuc/webassemblyjs"
"@webassemblyjs/wast-parser@1.7.11","MIT","https://github.com/xtuc/webassemblyjs"
"@webassemblyjs/wast-printer@1.7.11","MIT","https://github.com/xtuc/webassemblyjs"
"@xtuc/ieee754@1.2.0","BSD-3-Clause","https://github.com/feross/ieee754"
"@xtuc/long@4.2.1","Apache-2.0","https://github.com/dcodeIO/long.js"
"abbrev@1.1.1","ISC","https://github.com/isaacs/abbrev-js"
"acorn-dynamic-import@3.0.0","MIT","https://github.com/kesne/acorn-dynamic-import"
"acorn-jsx@5.0.0","MIT","https://github.com/RReverser/acorn-jsx"
"acorn@5.7.3","MIT","https://github.com/acornjs/acorn"
"acorn@6.0.3","MIT","https://github.com/acornjs/acorn"
"ajv-keywords@3.2.0","MIT","https://github.com/epoberezkin/ajv-keywords"
"ajv@5.5.2","MIT","https://github.com/epoberezkin/ajv"
"ajv@6.5.5","MIT","https://github.com/epoberezkin/ajv"
"align-text@0.1.4","MIT","https://github.com/jonschlinkert/align-text"
"amdefine@1.0.1","BSD-3-Clause OR MIT","https://github.com/jrburke/amdefine"
"ansi-align@2.0.0","ISC","https://github.com/nexdrew/ansi-align"
"ansi-escapes@3.1.0","MIT","https://github.com/sindresorhus/ansi-escapes"
"ansi-regex@2.1.1","MIT","https://github.com/chalk/ansi-regex"
"ansi-regex@3.0.0","MIT","https://github.com/chalk/ansi-regex"
"ansi-styles@2.2.1","MIT","https://github.com/chalk/ansi-styles"
"ansi-styles@3.2.1","MIT","https://github.com/chalk/ansi-styles"
"any-observable@0.3.0","MIT","https://github.com/sindresorhus/any-observable"
"anymatch@2.0.0","ISC","https://github.com/micromatch/anymatch"
"append-transform@1.0.0","MIT","https://github.com/istanbuljs/append-transform"
"aproba@1.2.0","ISC","https://github.com/iarna/aproba"
"archy@1.0.0","MIT","https://github.com/substack/node-archy"
"are-we-there-yet@1.1.4","ISC","https://github.com/iarna/are-we-there-yet"
"are-we-there-yet@1.1.5","ISC","https://github.com/iarna/are-we-there-yet"
"argparse@1.0.10","MIT","https://github.com/nodeca/argparse"
"arr-diff@4.0.0","MIT","https://github.com/jonschlinkert/arr-diff"
"arr-flatten@1.1.0","MIT","https://github.com/jonschlinkert/arr-flatten"
"arr-union@3.1.0","MIT","https://github.com/jonschlinkert/arr-union"
"array-find-index@1.0.2","MIT","https://github.com/sindresorhus/array-find-index"
"array-union@1.0.2","MIT","https://github.com/sindresorhus/array-union"
"array-uniq@1.0.3","MIT","https://github.com/sindresorhus/array-uniq"
"array-unique@0.3.2","MIT","https://github.com/jonschlinkert/array-unique"
"arrify@1.0.1","MIT","https://github.com/sindresorhus/arrify"
"asap@2.0.6","MIT","https://github.com/kriskowal/asap"
"asn1.js@4.10.1","MIT","https://github.com/indutny/asn1.js"
"asn1@0.2.4","MIT","https://github.com/joyent/node-asn1"
"assert-plus@1.0.0","MIT","https://github.com/mcavage/node-assert-plus"
"assert@1.4.1","MIT","https://github.com/defunctzombie/commonjs-assert"
"assertion-error@1.1.0","MIT","https://github.com/chaijs/assertion-error"
"assign-symbols@1.0.0","MIT","https://github.com/jonschlinkert/assign-symbols"
"async-each@1.0.1","MIT","https://github.com/paulmillr/async-each"
"async@1.5.2","MIT","https://github.com/caolan/async"
"async@2.6.1","MIT","https://github.com/caolan/async"
"asynckit@0.4.0","MIT","https://github.com/alexindigo/asynckit"
"atob@2.1.2","(MIT OR Apache-2.0)","git://git.coolaj86.com/coolaj86/atob.js"
"aws-sign2@0.7.0","Apache-2.0","https://github.com/mikeal/aws-sign"
"aws4@1.8.0","MIT","https://github.com/mhart/aws4"
"babel-eslint@10.0.1","MIT","https://github.com/babel/babel-eslint"
"babel-loader@8.0.4","MIT","https://github.com/babel/babel-loader"
"babel-plugin-add-module-exports@1.0.0","MIT","https://github.com/59naga/babel-plugin-add-module-exports"
"balanced-match@1.0.0","MIT","https://github.com/juliangruber/balanced-match"
"base64-js@1.3.0","MIT","https://github.com/beatgammit/base64-js"
"base@0.11.2","MIT","https://github.com/node-base/base"
"bcrypt-pbkdf@1.0.2","BSD-3-Clause","https://github.com/joyent/node-bcrypt-pbkdf"
"big.js@3.2.0","MIT","https://github.com/MikeMcl/big.js"
"binary-extensions@1.12.0","MIT","https://github.com/sindresorhus/binary-extensions"
"bluebird@3.5.2","MIT","https://github.com/petkaantonov/bluebird"
"bn.js@4.11.8","MIT","https://github.com/indutny/bn.js"
"boxen@1.3.0","MIT","https://github.com/sindresorhus/boxen"
"brace-expansion@1.1.11","MIT","https://github.com/juliangruber/brace-expansion"
"braces@2.3.2","MIT","https://github.com/micromatch/braces"
"brorand@1.1.0","MIT","https://github.com/indutny/brorand"
"browser-stdout@1.3.1","ISC","https://github.com/kumavis/browser-stdout"
"browserify-aes@1.2.0","MIT","https://github.com/crypto-browserify/browserify-aes"
"browserify-cipher@1.0.1","MIT","https://github.com/crypto-browserify/browserify-cipher"
"browserify-des@1.0.2","MIT","https://github.com/crypto-browserify/browserify-des"
"browserify-rsa@4.0.1","MIT","https://github.com/crypto-browserify/browserify-rsa"
"browserify-sign@4.0.4","ISC","https://github.com/crypto-browserify/browserify-sign"
"browserify-zlib@0.2.0","MIT","https://github.com/devongovett/browserify-zlib"
"browserslist@4.3.4","MIT","https://github.com/browserslist/browserslist"
"buffer-from@1.1.1","MIT","https://github.com/LinusU/buffer-from"
"buffer-xor@1.0.3","MIT","https://github.com/crypto-browserify/buffer-xor"
"buffer@4.9.1","MIT","https://github.com/feross/buffer"
"builtin-modules@1.1.1","MIT","https://github.com/sindresorhus/builtin-modules"
"builtin-status-codes@3.0.0","MIT","https://github.com/bendrucker/builtin-status-codes"
"cacache@10.0.4","ISC","https://github.com/zkat/cacache"
"cache-base@1.0.1","MIT","https://github.com/jonschlinkert/cache-base"
"caching-transform@2.0.0","MIT","https://github.com/avajs/caching-transform"
"caller-path@0.1.0","MIT","https://github.com/sindresorhus/caller-path"
"callsites@0.2.0","MIT","https://github.com/sindresorhus/callsites"
"camelcase@1.2.1","MIT","https://github.com/sindresorhus/camelcase"
"camelcase@4.1.0","MIT","https://github.com/sindresorhus/camelcase"
"caniuse-lite@1.0.30000904","CC-BY-4.0","https://github.com/ben-eb/caniuse-lite"
"capture-stack-trace@1.0.1","MIT","https://github.com/floatdrop/capture-stack-trace"
"caseless@0.12.0","Apache-2.0","https://github.com/mikeal/caseless"
"center-align@0.1.3","MIT","https://github.com/jonschlinkert/center-align"
"chai@4.2.0","MIT","https://github.com/chaijs/chai"
"chalk@1.1.3","MIT","https://github.com/chalk/chalk"
"chalk@2.4.1","MIT","https://github.com/chalk/chalk"
"chardet@0.7.0","MIT","https://github.com/runk/node-chardet"
"check-error@1.0.2","MIT","https://github.com/chaijs/check-error"
"chokidar@2.0.4","MIT","https://github.com/paulmillr/chokidar"
"chownr@1.0.1","ISC","https://github.com/isaacs/chownr"
"chownr@1.1.1","ISC","https://github.com/isaacs/chownr"
"chrome-trace-event@1.0.0","MIT","github.com:samccone/chrome-trace-event"
"ci-info@1.6.0","MIT","https://github.com/watson/ci-info"
"cipher-base@1.0.4","MIT","https://github.com/crypto-browserify/cipher-base"
"circular-json@0.3.3","MIT","https://github.com/WebReflection/circular-json"
"class-utils@0.3.6","MIT","https://github.com/jonschlinkert/class-utils"
"cli-boxes@1.0.0","MIT","https://github.com/sindresorhus/cli-boxes"
"cli-cursor@1.0.2","MIT","https://github.com/sindresorhus/cli-cursor"
"cli-cursor@2.1.0","MIT","https://github.com/sindresorhus/cli-cursor"
"cli-truncate@0.2.1","MIT","https://github.com/sindresorhus/cli-truncate"
"cli-width@2.2.0","ISC","https://github.com/knownasilya/cli-width"
"cliui@2.1.0","ISC","https://github.com/bcoe/cliui"
"cliui@4.1.0","ISC","https://github.com/yargs/cliui"
"co@4.6.0","MIT","https://github.com/tj/co"
"code-point-at@1.1.0","MIT","https://github.com/sindresorhus/code-point-at"
"collection-visit@1.0.0","MIT","https://github.com/jonschlinkert/collection-visit"
"color-convert@1.9.3","MIT","https://github.com/Qix-/color-convert"
"color-name@1.1.3","MIT","https://github.com/dfcreative/color-name"
"combined-stream@1.0.7","MIT","https://github.com/felixge/node-combined-stream"
"commander@2.13.0","MIT","https://github.com/tj/commander.js"
"commander@2.15.1","MIT","https://github.com/tj/commander.js"
"commander@2.17.1","MIT","https://github.com/tj/commander.js"
"commander@2.19.0","MIT","https://github.com/tj/commander.js"
"commondir@1.0.1","MIT","https://github.com/substack/node-commondir"
"component-emitter@1.2.1","MIT","https://github.com/component/emitter"
"concat-map@0.0.1","MIT","https://github.com/substack/node-concat-map"
"concat-stream@1.6.2","MIT","https://github.com/maxogden/concat-stream"
"configstore@3.1.2","BSD-2-Clause","https://github.com/yeoman/configstore"
"console-browserify@1.1.0","MIT","https://github.com/Raynos/console-browserify"
"console-control-strings@1.1.0","ISC","https://github.com/iarna/console-control-strings"
"constants-browserify@1.0.0","MIT","https://github.com/juliangruber/constants-browserify"
"contains-path@0.1.0","MIT","https://github.com/jonschlinkert/contains-path"
"convert-source-map@1.6.0","MIT","https://github.com/thlorenz/convert-source-map"
"copy-concurrently@1.0.5","ISC","https://github.com/npm/copy-concurrently"
"copy-descriptor@0.1.1","MIT","https://github.com/jonschlinkert/copy-descriptor"
"core-js@2.5.7","MIT","https://github.com/zloirock/core-js"
"core-util-is@1.0.2","MIT","https://github.com/isaacs/core-util-is"
"cosmiconfig@5.0.6","MIT","https://github.com/davidtheclark/cosmiconfig"
"coveralls@3.0.2","BSD-2-Clause","https://github.com/nickmerwin/node-coveralls"
"create-ecdh@4.0.3","MIT","https://github.com/crypto-browserify/createECDH"
"create-error-class@3.0.2","MIT","https://github.com/floatdrop/create-error-class"
"create-hash@1.2.0","MIT","https://github.com/crypto-browserify/createHash"
"create-hmac@1.1.7","MIT","https://github.com/crypto-browserify/createHmac"
"cross-spawn-async@2.2.5","MIT","https://github.com/IndigoUnited/node-cross-spawn-async"
"cross-spawn@4.0.2","MIT","https://github.com/IndigoUnited/node-cross-spawn"
"cross-spawn@5.1.0","MIT","https://github.com/IndigoUnited/node-cross-spawn"
"cross-spawn@6.0.5","MIT","https://github.com/moxystudio/node-cross-spawn"
"crypto-browserify@3.12.0","MIT","https://github.com/crypto-browserify/crypto-browserify"
"crypto-random-string@1.0.0","MIT","https://github.com/sindresorhus/crypto-random-string"
"cyclist@0.2.2","MIT*","https://github.com/mafintosh/cyclist"
"dashdash@1.14.1","MIT","https://github.com/trentm/node-dashdash"
"date-fns@1.29.0","MIT","https://github.com/date-fns/date-fns"
"date-now@0.1.4","MIT","https://github.com/Colingo/date-now"
"debug-log@1.0.1","MIT","https://github.com/sindresorhus/debug-log"
"debug@2.6.9","MIT","https://github.com/visionmedia/debug"
"debug@3.1.0","MIT","https://github.com/visionmedia/debug"
"debug@3.2.6","MIT","https://github.com/visionmedia/debug"
"debug@4.1.0","MIT","https://github.com/visionmedia/debug"
"debuglog@1.0.1","MIT","https://github.com/sam-github/node-debuglog"
"decamelize@1.2.0","MIT","https://github.com/sindresorhus/decamelize"
"decamelize@2.0.0","MIT","https://github.com/sindresorhus/decamelize"
"decode-uri-component@0.2.0","MIT","https://github.com/SamVerschueren/decode-uri-component"
"dedent@0.7.0","MIT","https://github.com/dmnd/dedent"
"deep-eql@3.0.1","MIT","https://github.com/chaijs/deep-eql"
"deep-extend@0.5.1","MIT","https://github.com/unclechu/node-deep-extend"
"deep-extend@0.6.0","MIT","https://github.com/unclechu/node-deep-extend"
"deep-is@0.1.3","MIT","https://github.com/thlorenz/deep-is"
"default-require-extensions@2.0.0","MIT","https://github.com/avajs/default-require-extensions"
"define-properties@1.1.3","MIT","https://github.com/ljharb/define-properties"
"define-property@0.2.5","MIT","https://github.com/jonschlinkert/define-property"
"define-property@1.0.0","MIT","https://github.com/jonschlinkert/define-property"
"define-property@2.0.2","MIT","https://github.com/jonschlinkert/define-property"
"del@2.2.2","MIT","https://github.com/sindresorhus/del"
"del@3.0.0","MIT","https://github.com/sindresorhus/del"
"delayed-stream@1.0.0","MIT","https://github.com/felixge/node-delayed-stream"
"delegates@1.0.0","MIT","https://github.com/visionmedia/node-delegates"
"des.js@1.0.0","MIT","https://github.com/indutny/des.js"
"detect-libc@1.0.3","Apache-2.0","https://github.com/lovell/detect-libc"
"dezalgo@1.0.3","ISC","https://github.com/npm/dezalgo"
"diff@3.5.0","BSD-3-Clause","https://github.com/kpdecker/jsdiff"
"diffie-hellman@5.0.3","MIT","https://github.com/crypto-browserify/diffie-hellman"
"dir-glob@2.0.0","MIT","https://github.com/kevva/dir-glob"
"doctrine@1.5.0","BSD","https://github.com/eslint/doctrine"
"doctrine@2.1.0","Apache-2.0","https://github.com/eslint/doctrine"
"domain-browser@1.2.0","MIT","https://github.com/bevry/domain-browser"
"dot-prop@4.2.0","MIT","https://github.com/sindresorhus/dot-prop"
"duplexer3@0.1.4","BSD-3-Clause","https://github.com/floatdrop/duplexer3"
"duplexer@0.1.1","MIT","https://github.com/Raynos/duplexer"
"duplexify@3.6.1","MIT","https://github.com/mafintosh/duplexify"
"ecc-jsbn@0.1.2","MIT","https://github.com/quartzjer/ecc-jsbn"
"electron-to-chromium@1.3.83","ISC","https://github.com/kilian/electron-to-chromium"
"elegant-spinner@1.0.1","MIT","https://github.com/sindresorhus/elegant-spinner"
"elliptic@6.4.1","MIT","https://github.com/indutny/elliptic"
"emojis-list@2.1.0","MIT","https://github.com/kikobeats/emojis-list"
"end-of-stream@1.4.1","MIT","https://github.com/mafintosh/end-of-stream"
"enhanced-resolve@4.1.0","MIT","https://github.com/webpack/enhanced-resolve"
"errno@0.1.7","MIT","https://github.com/rvagg/node-errno"
"error-ex@1.3.2","MIT","https://github.com/qix-/node-error-ex"
"es-abstract@1.12.0","MIT","https://github.com/ljharb/es-abstract"
"es-to-primitive@1.2.0","MIT","https://github.com/ljharb/es-to-primitive"
"es6-error@4.1.1","MIT","https://github.com/bjyoungblood/es6-error"
"escape-string-applescript@2.0.0","MIT","https://github.com/sindresorhus/escape-string-applescript"
"escape-string-regexp@1.0.5","MIT","https://github.com/sindresorhus/escape-string-regexp"
"eslint-config-airbnb-base@13.1.0","MIT","https://github.com/airbnb/javascript"
"eslint-import-resolver-node@0.3.2","MIT","https://github.com/benmosher/eslint-plugin-import"
"eslint-module-utils@2.2.0","MIT","https://github.com/benmosher/eslint-plugin-import"
"eslint-plugin-import@2.14.0","MIT","https://github.com/benmosher/eslint-plugin-import"
"eslint-restricted-globals@0.1.1","MIT","https://github.com/doshisid/eslint-restricted-globals"
"eslint-scope@3.7.1","BSD-2-Clause","https://github.com/eslint/eslint-scope"
"eslint-scope@4.0.0","BSD-2-Clause","https://github.com/eslint/eslint-scope"
"eslint-utils@1.3.1","MIT","https://github.com/mysticatea/eslint-utils"
"eslint-visitor-keys@1.0.0","Apache-2.0","https://github.com/eslint/eslint-visitor-keys"
"eslint@5.8.0","MIT","https://github.com/eslint/eslint"
"espree@4.1.0","BSD-2-Clause","https://github.com/eslint/espree"
"esprima@4.0.1","BSD-2-Clause","https://github.com/jquery/esprima"
"esquery@1.0.1","BSD-3-Clause","https://github.com/jrfeenst/esquery"
"esrecurse@4.2.1","BSD-2-Clause","https://github.com/estools/esrecurse"
"estraverse@4.2.0","BSD-2-Clause","https://github.com/estools/estraverse"
"esutils@2.0.2","BSD","https://github.com/estools/esutils"
"event-stream@3.3.6","MIT","https://github.com/dominictarr/event-stream"
"events@1.1.1","MIT","https://github.com/Gozala/events"
"evp_bytestokey@1.0.3","MIT","https://github.com/crypto-browserify/EVP_BytesToKey"
"execa@0.10.0","MIT","https://github.com/sindresorhus/execa"
"execa@0.2.2","MIT","https://github.com/sindresorhus/execa"
"execa@0.7.0","MIT","https://github.com/sindresorhus/execa"
"execa@0.9.0","MIT","https://github.com/sindresorhus/execa"
"execa@1.0.0","MIT","https://github.com/sindresorhus/execa"
"exit-hook@1.1.1","MIT","https://github.com/sindresorhus/exit-hook"
"expand-brackets@2.1.4","MIT","https://github.com/jonschlinkert/expand-brackets"
"extend-shallow@2.0.1","MIT","https://github.com/jonschlinkert/extend-shallow"
"extend-shallow@3.0.2","MIT","https://github.com/jonschlinkert/extend-shallow"
"extend@3.0.2","MIT","https://github.com/justmoon/node-extend"
"external-editor@3.0.3","MIT","https://github.com/mrkmg/node-external-editor"
"extglob@2.0.4","MIT","https://github.com/micromatch/extglob"
"extsprintf@1.3.0","MIT","https://github.com/davepacheco/node-extsprintf"
"extsprintf@1.4.0","MIT","https://github.com/davepacheco/node-extsprintf"
"fast-deep-equal@1.1.0","MIT","https://github.com/epoberezkin/fast-deep-equal"
"fast-deep-equal@2.0.1","MIT","https://github.com/epoberezkin/fast-deep-equal"
"fast-json-stable-stringify@2.0.0","MIT","https://github.com/epoberezkin/fast-json-stable-stringify"
"fast-levenshtein@2.0.6","MIT","https://github.com/hiddentao/fast-levenshtein"
"figures@1.7.0","MIT","https://github.com/sindresorhus/figures"
"figures@2.0.0","MIT","https://github.com/sindresorhus/figures"
"file-entry-cache@2.0.0","MIT","https://github.com/royriojas/file-entry-cache"
"fill-range@4.0.0","MIT","https://github.com/jonschlinkert/fill-range"
"find-cache-dir@1.0.0","MIT","https://github.com/avajs/find-cache-dir"
"find-cache-dir@2.0.0","MIT","https://github.com/avajs/find-cache-dir"
"find-parent-dir@0.3.0","MIT","https://github.com/thlorenz/find-parent-dir"
"find-up@1.1.2","MIT","https://github.com/sindresorhus/find-up"
"find-up@2.1.0","MIT","https://github.com/sindresorhus/find-up"
"find-up@3.0.0","MIT","https://github.com/sindresorhus/find-up"
"flat-cache@1.3.0","MIT","https://github.com/royriojas/flat-cache"
"flatmap-stream@0.1.1","MIT","https://github.com/hugeglass/flatmap-stream"
"flush-write-stream@1.0.3","MIT","https://github.com/mafintosh/flush-write-stream"
"for-in@1.0.2","MIT","https://github.com/jonschlinkert/for-in"
"foreground-child@1.5.6","ISC","https://github.com/tapjs/foreground-child"
"forever-agent@0.6.1","Apache-2.0","https://github.com/mikeal/forever-agent"
"form-data@2.3.3","MIT","https://github.com/form-data/form-data"
"fragment-cache@0.2.1","MIT","https://github.com/jonschlinkert/fragment-cache"
"from2@2.3.0","MIT","https://github.com/hughsk/from2"
"from@0.1.7","MIT","https://github.com/dominictarr/from"
"fs-extra@0.30.0","MIT","https://github.com/jprichardson/node-fs-extra"
"fs-minipass@1.2.5","ISC","https://github.com/npm/fs-minipass"
"fs-readdir-recursive@1.1.0","MIT","https://github.com/fs-utils/fs-readdir-recursive"
"fs-write-stream-atomic@1.0.10","ISC","https://github.com/npm/fs-write-stream-atomic"
"fs.realpath@1.0.0","ISC","https://github.com/isaacs/fs.realpath"
"fsevents@1.2.4","MIT","https://github.com/strongloop/fsevents"
"function-bind@1.1.1","MIT","https://github.com/Raynos/function-bind"
"functional-red-black-tree@1.0.1","MIT","https://github.com/mikolalysenko/functional-red-black-tree"
"g-status@2.0.2","MIT","https://github.com/luftywiranda13/g-status"
"gauge@2.7.4","ISC","https://github.com/iarna/gauge"
"get-caller-file@1.0.3","ISC","https://github.com/stefanpenner/get-caller-file"
"get-func-name@2.0.0","MIT","https://github.com/chaijs/get-func-name"
"get-own-enumerable-property-symbols@3.0.0","ISC","https://github.com/mightyiam/get-own-enumerable-property-symbols"
"get-stdin@6.0.0","MIT","https://github.com/sindresorhus/get-stdin"
"get-stream@3.0.0","MIT","https://github.com/sindresorhus/get-stream"
"get-stream@4.1.0","MIT","https://github.com/sindresorhus/get-stream"
"get-value@2.0.6","MIT","https://github.com/jonschlinkert/get-value"
"getpass@0.1.7","MIT","https://github.com/arekinath/node-getpass"
"glob-parent@3.1.0","ISC","https://github.com/es128/glob-parent"
"glob@7.1.2","ISC","https://github.com/isaacs/node-glob"
"glob@7.1.3","ISC","https://github.com/isaacs/node-glob"
"global-dirs@0.1.1","MIT","https://github.com/sindresorhus/global-dirs"
"global-modules-path@2.3.0","Apache-2.0","https://github.com/rosen-vladimirov/global-modules-path"
"globals@11.8.0","MIT","https://github.com/sindresorhus/globals"
"globby@5.0.0","MIT","https://github.com/sindresorhus/globby"
"globby@6.1.0","MIT","https://github.com/sindresorhus/globby"
"globby@7.1.1","MIT","https://github.com/sindresorhus/globby"
"got@6.7.1","MIT","https://github.com/sindresorhus/got"
"graceful-fs@4.1.11","ISC","https://github.com/isaacs/node-graceful-fs"
"graceful-fs@4.1.15","ISC","https://github.com/isaacs/node-graceful-fs"
"growl@1.10.5","MIT","https://github.com/tj/node-growl"
"handlebars@4.0.11","MIT","https://github.com/wycats/handlebars.js"
"handlebars@4.0.12","MIT","https://github.com/wycats/handlebars.js"
"har-schema@2.0.0","ISC","https://github.com/ahmadnassri/har-schema"
"har-validator@5.1.0","ISC","https://github.com/ahmadnassri/har-validator"
"has-ansi@2.0.0","MIT","https://github.com/sindresorhus/has-ansi"
"has-flag@3.0.0","MIT","https://github.com/sindresorhus/has-flag"
"has-symbols@1.0.0","MIT","https://github.com/ljharb/has-symbols"
"has-unicode@2.0.1","ISC","https://github.com/iarna/has-unicode"
"has-value@0.3.1","MIT","https://github.com/jonschlinkert/has-value"
"has-value@1.0.0","MIT","https://github.com/jonschlinkert/has-value"
"has-values@0.1.4","MIT","https://github.com/jonschlinkert/has-values"
"has-values@1.0.0","MIT","https://github.com/jonschlinkert/has-values"
"has@1.0.3","MIT","https://github.com/tarruda/has"
"hash-base@3.0.4","MIT","https://github.com/crypto-browserify/hash-base"
"hash.js@1.1.5","MIT","https://github.com/indutny/hash.js"
"he@1.1.1","MIT","https://github.com/mathiasbynens/he"
"hmac-drbg@1.0.1","MIT","https://github.com/indutny/hmac-drbg"
"home-or-tmp@3.0.0","MIT","https://github.com/sindresorhus/home-or-tmp"
"hosted-git-info@2.7.1","ISC","https://github.com/npm/hosted-git-info"
"http-signature@1.2.0","MIT","https://github.com/joyent/node-http-signature"
"https-browserify@1.0.0","MIT","https://github.com/substack/https-browserify"
"husky@1.1.3","MIT","https://github.com/typicode/husky"
"iconv-lite@0.4.21","MIT","https://github.com/ashtuchkin/iconv-lite"
"iconv-lite@0.4.24","MIT","https://github.com/ashtuchkin/iconv-lite"
"ieee754@1.1.12","BSD-3-Clause","https://github.com/feross/ieee754"
"iferr@0.1.5","MIT","https://github.com/shesek/iferr"
"ignore-by-default@1.0.1","ISC","https://github.com/novemberborn/ignore-by-default"
"ignore-walk@3.0.1","ISC","https://github.com/isaacs/ignore-walk"
"ignore@3.3.10","MIT","https://github.com/kaelzhang/node-ignore"
"ignore@4.0.6","MIT","https://github.com/kaelzhang/node-ignore"
"import-lazy@2.1.0","MIT","https://github.com/sindresorhus/import-lazy"
"import-local@2.0.0","MIT","https://github.com/sindresorhus/import-local"
"imurmurhash@0.1.4","MIT","https://github.com/jensyt/imurmurhash-js"
"indent-string@3.2.0","MIT","https://github.com/sindresorhus/indent-string"
"indexof@0.0.1","MIT*",""
"inflight@1.0.6","ISC","https://github.com/npm/inflight"
"inherits@2.0.1","ISC","https://github.com/isaacs/inherits"
"inherits@2.0.3","ISC","https://github.com/isaacs/inherits"
"ini@1.3.5","ISC","https://github.com/isaacs/ini"
"inquirer@6.2.0","MIT","https://github.com/SBoudrias/Inquirer.js"
"interpret@1.1.0","MIT","https://github.com/tkellen/node-interpret"
"invariant@2.2.4","MIT","https://github.com/zertosh/invariant"
"invert-kv@1.0.0","MIT","https://github.com/sindresorhus/invert-kv"
"invert-kv@2.0.0","MIT","https://github.com/sindresorhus/invert-kv"
"is-accessor-descriptor@0.1.6","MIT","https://github.com/jonschlinkert/is-accessor-descriptor"
"is-accessor-descriptor@1.0.0","MIT","https://github.com/jonschlinkert/is-accessor-descriptor"
"is-arrayish@0.2.1","MIT","https://github.com/qix-/node-is-arrayish"
"is-binary-path@1.0.1","MIT","https://github.com/sindresorhus/is-binary-path"
"is-buffer@1.1.6","MIT","https://github.com/feross/is-buffer"
"is-builtin-module@1.0.0","MIT","https://github.com/sindresorhus/is-builtin-module"
"is-callable@1.1.4","MIT","https://github.com/ljharb/is-callable"
"is-ci@1.2.1","MIT","https://github.com/watson/is-ci"
"is-data-descriptor@0.1.4","MIT","https://github.com/jonschlinkert/is-data-descriptor"
"is-data-descriptor@1.0.0","MIT","https://github.com/jonschlinkert/is-data-descriptor"
"is-date-object@1.0.1","MIT","https://github.com/ljharb/is-date-object"
"is-descriptor@0.1.6","MIT","https://github.com/jonschlinkert/is-descriptor"
"is-descriptor@1.0.2","MIT","https://github.com/jonschlinkert/is-descriptor"
"is-directory@0.3.1","MIT","https://github.com/jonschlinkert/is-directory"
"is-extendable@0.1.1","MIT","https://github.com/jonschlinkert/is-extendable"
"is-extendable@1.0.1","MIT","https://github.com/jonschlinkert/is-extendable"
"is-extglob@2.1.1","MIT","https://github.com/jonschlinkert/is-extglob"
"is-fullwidth-code-point@1.0.0","MIT","https://github.com/sindresorhus/is-fullwidth-code-point"
"is-fullwidth-code-point@2.0.0","MIT","https://github.com/sindresorhus/is-fullwidth-code-point"
"is-glob@3.1.0","MIT","https://github.com/jonschlinkert/is-glob"
"is-glob@4.0.0","MIT","https://github.com/jonschlinkert/is-glob"
"is-installed-globally@0.1.0","MIT","https://github.com/sindresorhus/is-installed-globally"
"is-npm@1.0.0","MIT","https://github.com/sindresorhus/is-npm"
"is-number@3.0.0","MIT","https://github.com/jonschlinkert/is-number"
"is-obj@1.0.1","MIT","https://github.com/sindresorhus/is-obj"
"is-observable@1.1.0","MIT","https://github.com/sindresorhus/is-observable"
"is-path-cwd@1.0.0","MIT","https://github.com/sindresorhus/is-path-cwd"
"is-path-in-cwd@1.0.1","MIT","https://github.com/sindresorhus/is-path-in-cwd"
"is-path-inside@1.0.1","MIT","https://github.com/sindresorhus/is-path-inside"
"is-plain-obj@1.1.0","MIT","https://github.com/sindresorhus/is-plain-obj"
"is-plain-object@2.0.4","MIT","https://github.com/jonschlinkert/is-plain-object"
"is-promise@2.1.0","MIT","https://github.com/then/is-promise"
"is-redirect@1.0.0","MIT","https://github.com/sindresorhus/is-redirect"
"is-regex@1.0.4","MIT","https://github.com/ljharb/is-regex"
"is-regexp@1.0.0","MIT","https://github.com/sindresorhus/is-regexp"
"is-resolvable@1.1.0","ISC","https://github.com/shinnn/is-resolvable"
"is-retry-allowed@1.1.0","MIT","https://github.com/floatdrop/is-retry-allowed"
"is-stream@1.1.0","MIT","https://github.com/sindresorhus/is-stream"
"is-symbol@1.0.2","MIT","https://github.com/ljharb/is-symbol"
"is-typedarray@1.0.0","MIT","https://github.com/hughsk/is-typedarray"
"is-windows@1.0.2","MIT","https://github.com/jonschlinkert/is-windows"
"isarray@1.0.0","MIT","https://github.com/juliangruber/isarray"
"isexe@2.0.0","ISC","https://github.com/isaacs/isexe"
"isobject@2.1.0","MIT","https://github.com/jonschlinkert/isobject"
"isobject@3.0.1","MIT","https://github.com/jonschlinkert/isobject"
"isstream@0.1.2","MIT","https://github.com/rvagg/isstream"
"istanbul-lib-coverage@2.0.1","BSD-3-Clause","https://github.com/istanbuljs/istanbuljs"
"istanbul-lib-hook@2.0.1","BSD-3-Clause","https://github.com/istanbuljs/istanbuljs"
"istanbul-lib-instrument@3.0.0","BSD-3-Clause","https://github.com/istanbuljs/istanbuljs"
"istanbul-lib-report@2.0.2","BSD-3-Clause","https://github.com/istanbuljs/istanbuljs"
"istanbul-lib-source-maps@2.0.1","BSD-3-Clause","https://github.com/istanbuljs/istanbuljs"
"istanbul-reports@2.0.1","BSD-3-Clause","https://github.com/istanbuljs/istanbuljs"
"jest-get-type@22.4.3","MIT","https://github.com/facebook/jest"
"jest-validate@23.6.0","MIT","https://github.com/facebook/jest"
"js-levenshtein@1.1.4","MIT","https://github.com/gustf/js-levenshtein"
"js-tokens@4.0.0","MIT","https://github.com/lydell/js-tokens"
"js-yaml@3.12.0","MIT","https://github.com/nodeca/js-yaml"
"jsbn@0.1.1","MIT","https://github.com/andyperlitch/jsbn"
"jsesc@0.5.0","MIT","https://github.com/mathiasbynens/jsesc"
"jsesc@2.5.1","MIT","https://github.com/mathiasbynens/jsesc"
"json-parse-better-errors@1.0.2","MIT","https://github.com/zkat/json-parse-better-errors"
"json-schema-traverse@0.3.1","MIT","https://github.com/epoberezkin/json-schema-traverse"
"json-schema-traverse@0.4.1","MIT","https://github.com/epoberezkin/json-schema-traverse"
"json-schema@0.2.3","AFLv2.1,BSD","https://github.com/kriszyp/json-schema"
"json-stable-stringify-without-jsonify@1.0.1","MIT","https://github.com/samn/json-stable-stringify"
"json-stringify-safe@5.0.1","ISC","https://github.com/isaacs/json-stringify-safe"
"json5@0.5.1","MIT","https://github.com/aseemk/json5"
"jsonfile@2.4.0","MIT","https://github.com/jprichardson/node-jsonfile"
"jsprim@1.4.1","MIT","https://github.com/joyent/node-jsprim"
"kind-of@3.2.2","MIT","https://github.com/jonschlinkert/kind-of"
"kind-of@4.0.0","MIT","https://github.com/jonschlinkert/kind-of"
"kind-of@5.1.0","MIT","https://github.com/jonschlinkert/kind-of"
"kind-of@6.0.2","MIT","https://github.com/jonschlinkert/kind-of"
"klaw@1.3.1","MIT","https://github.com/jprichardson/node-klaw"
"latest-version@3.1.0","MIT","https://github.com/sindresorhus/latest-version"
"lazy-cache@1.0.4","MIT","https://github.com/jonschlinkert/lazy-cache"
"lcid@1.0.0","MIT","https://github.com/sindresorhus/lcid"
"lcid@2.0.0","MIT","https://github.com/sindresorhus/lcid"
"lcov-parse@0.0.10","BSD-3-Clause","https://github.com/davglass/lcov-parse"
"leven@2.1.0","MIT","https://github.com/sindresorhus/leven"
"levn@0.3.0","MIT","https://github.com/gkz/levn"
"license-checker@24.0.1","BSD-3-Clause","https://github.com/davglass/license-checker"
"lint-staged@8.0.4","MIT","https://github.com/okonet/lint-staged"
"listr-silent-renderer@1.1.1","MIT","https://github.com/SamVerschueren/listr-silent-renderer"
"listr-update-renderer@0.4.0","MIT","https://github.com/SamVerschueren/listr-update-renderer"
"listr-verbose-renderer@0.4.1","MIT","https://github.com/SamVerschueren/listr-verbose-renderer"
"listr@0.14.2","MIT","https://github.com/SamVerschueren/listr"
"load-json-file@2.0.0","MIT","https://github.com/sindresorhus/load-json-file"
"load-json-file@4.0.0","MIT","https://github.com/sindresorhus/load-json-file"
"loader-runner@2.3.1","MIT","https://github.com/webpack/loader-runner"
"loader-utils@1.1.0","MIT","https://github.com/webpack/loader-utils"
"locate-path@2.0.0","MIT","https://github.com/sindresorhus/locate-path"
"locate-path@3.0.0","MIT","https://github.com/sindresorhus/locate-path"
"lodash.debounce@4.0.8","MIT","https://github.com/lodash/lodash"
"lodash.flattendeep@4.4.0","MIT","https://github.com/lodash/lodash"
"log-driver@1.2.7","ISC","https://github.com/cainus/logdriver"
"log-symbols@1.0.2","MIT","https://github.com/sindresorhus/log-symbols"
"log-symbols@2.2.0","MIT","https://github.com/sindresorhus/log-symbols"
"log-update@2.3.0","MIT","https://github.com/sindresorhus/log-update"
"longest@1.0.1","MIT","https://github.com/jonschlinkert/longest"
"loose-envify@1.4.0","MIT","https://github.com/zertosh/loose-envify"
"lowercase-keys@1.0.1","MIT","https://github.com/sindresorhus/lowercase-keys"
"lru-cache@4.1.3","ISC","https://github.com/isaacs/node-lru-cache"
"make-dir@1.3.0","MIT","https://github.com/sindresorhus/make-dir"
"manual-sort@0.0.0","MIT",""
"map-age-cleaner@0.1.2","MIT","https://github.com/SamVerschueren/map-age-cleaner"
"map-cache@0.2.2","MIT","https://github.com/jonschlinkert/map-cache"
"map-stream@0.0.7","MIT","https://github.com/dominictarr/map-stream"
"map-visit@1.0.0","MIT","https://github.com/jonschlinkert/map-visit"
"matcher@1.1.1","MIT","https://github.com/sindresorhus/matcher"
"md5-hex@2.0.0","MIT","https://github.com/sindresorhus/md5-hex"
"md5-o-matic@0.1.1","MIT","https://github.com/trentmillar/md5-o-matic"
"md5.js@1.3.5","MIT","https://github.com/crypto-browserify/md5.js"
"mem@1.1.0","MIT","https://github.com/sindresorhus/mem"
"mem@4.0.0","MIT","https://github.com/sindresorhus/mem"
"memory-fs@0.4.1","MIT","https://github.com/webpack/memory-fs"
"merge-source-map@1.1.0","MIT","https://github.com/keik/merge-source-map"
"micromatch@3.1.10","MIT","https://github.com/micromatch/micromatch"
"miller-rabin@4.0.1","MIT","https://github.com/indutny/miller-rabin"
"mime-db@1.37.0","MIT","https://github.com/jshttp/mime-db"
"mime-types@2.1.21","MIT","https://github.com/jshttp/mime-types"
"mimic-fn@1.2.0","MIT","https://github.com/sindresorhus/mimic-fn"
"minimalistic-assert@1.0.1","ISC","https://github.com/calvinmetcalf/minimalistic-assert"
"minimalistic-crypto-utils@1.0.1","MIT","https://github.com/indutny/minimalistic-crypto-utils"
"minimatch@3.0.4","ISC","https://github.com/isaacs/minimatch"
"minimist@0.0.10","MIT","https://github.com/substack/minimist"
"minimist@0.0.8","MIT","https://github.com/substack/minimist"
"minimist@1.2.0","MIT","https://github.com/substack/minimist"
"minipass@2.2.4","ISC","https://github.com/isaacs/minipass"
"minipass@2.3.5","ISC","https://github.com/isaacs/minipass"
"minizlib@1.1.0","MIT","https://github.com/isaacs/minizlib"
"minizlib@1.1.1","MIT","https://github.com/isaacs/minizlib"
"mississippi@2.0.0","BSD-2-Clause","https://github.com/maxogden/mississippi"
"mixin-deep@1.3.1","MIT","https://github.com/jonschlinkert/mixin-deep"
"mkdirp@0.5.1","MIT","https://github.com/substack/node-mkdirp"
"mocha@5.2.0","MIT","https://github.com/mochajs/mocha"
"mount-point@3.0.0","MIT","https://github.com/kevva/mount-point"
"move-concurrently@1.0.1","ISC","https://github.com/npm/move-concurrently"
"ms@2.0.0","MIT","https://github.com/zeit/ms"
"ms@2.1.1","MIT","https://github.com/zeit/ms"
"mute-stream@0.0.7","ISC","https://github.com/isaacs/mute-stream"
"nan@2.11.1","MIT","https://github.com/nodejs/nan"
"nanomatch@1.2.13","MIT","https://github.com/micromatch/nanomatch"
"natural-compare@1.4.0","MIT","https://github.com/litejs/natural-compare-lite"
"needle@2.2.0","MIT","https://github.com/tomas/needle"
"needle@2.2.4","MIT","https://github.com/tomas/needle"
"neo-async@2.6.0","MIT","https://github.com/suguru03/neo-async"
"nice-try@1.0.5","MIT","https://github.com/electerious/nice-try"
"node-libs-browser@2.1.0","MIT","https://github.com/webpack/node-libs-browser"
"node-modules-regexp@1.0.0","MIT","https://github.com/jamestalmage/node-modules-regexp"
"node-pre-gyp@0.10.0","BSD-3-Clause","https://github.com/mapbox/node-pre-gyp"
"node-pre-gyp@0.10.3","BSD-3-Clause","https://github.com/mapbox/node-pre-gyp"
"node-releases@1.0.3","CC-BY-4.0","https://github.com/chicoxyzzy/node-releases"
"nodemon@1.18.5","MIT","https://github.com/remy/nodemon"
"nopt@1.0.10","MIT","https://github.com/isaacs/nopt"
"nopt@4.0.1","ISC","https://github.com/npm/nopt"
"normalize-package-data@2.4.0","BSD-2-Clause","https://github.com/npm/normalize-package-data"
"normalize-path@2.1.1","MIT","https://github.com/jonschlinkert/normalize-path"
"npm-bundled@1.0.3","ISC","https://github.com/npm/npm-bundled"
"npm-bundled@1.0.5","ISC","https://github.com/npm/npm-bundled"
"npm-packlist@1.1.10","ISC","https://github.com/npm/npm-packlist"
"npm-packlist@1.1.12","ISC","https://github.com/npm/npm-packlist"
"npm-path@2.0.4","MIT","https://github.com/timoxley/npm-path"
"npm-run-path@1.0.0","MIT","https://github.com/sindresorhus/npm-run-path"
"npm-run-path@2.0.2","MIT","https://github.com/sindresorhus/npm-run-path"
"npm-which@3.0.1","MIT","https://github.com/timoxley/npm-which"
"npmlog@4.1.2","ISC","https://github.com/npm/npmlog"
"number-is-nan@1.0.1","MIT","https://github.com/sindresorhus/number-is-nan"
"nyc@13.1.0","ISC","https://github.com/istanbuljs/nyc"
"oauth-sign@0.9.0","Apache-2.0","https://github.com/mikeal/oauth-sign"
"object-assign@4.1.1","MIT","https://github.com/sindresorhus/object-assign"
"object-copy@0.1.0","MIT","https://github.com/jonschlinkert/object-copy"
"object-keys@1.0.12","MIT","https://github.com/ljharb/object-keys"
"object-visit@1.0.1","MIT","https://github.com/jonschlinkert/object-visit"
"object.assign@4.1.0","MIT","https://github.com/ljharb/object.assign"
"object.entries@1.0.4","MIT","https://github.com/es-shims/Object.entries"
"object.getownpropertydescriptors@2.0.3","MIT","https://github.com/ljharb/object.getownpropertydescriptors"
"object.pick@1.3.0","MIT","https://github.com/jonschlinkert/object.pick"
"once@1.4.0","ISC","https://github.com/isaacs/once"
"onetime@1.1.0","MIT","https://github.com/sindresorhus/onetime"
"onetime@2.0.1","MIT","https://github.com/sindresorhus/onetime"
"optimist@0.6.1","MIT*","https://github.com/substack/node-optimist"
"optionator@0.8.2","MIT","https://github.com/gkz/optionator"
"os-browserify@0.3.0","MIT","https://github.com/CoderPuppy/os-browserify"
"os-homedir@1.0.2","MIT","https://github.com/sindresorhus/os-homedir"
"os-locale@2.1.0","MIT","https://github.com/sindresorhus/os-locale"
"os-locale@3.0.1","MIT","https://github.com/sindresorhus/os-locale"
"os-tmpdir@1.0.2","MIT","https://github.com/sindresorhus/os-tmpdir"
"osenv@0.1.5","ISC","https://github.com/npm/osenv"
"output-file-sync@2.0.1","ISC","https://github.com/shinnn/output-file-sync"
"p-defer@1.0.0","MIT","https://github.com/sindresorhus/p-defer"
"p-finally@1.0.0","MIT","https://github.com/sindresorhus/p-finally"
"p-is-promise@1.1.0","MIT","https://github.com/sindresorhus/p-is-promise"
"p-limit@1.3.0","MIT","https://github.com/sindresorhus/p-limit"
"p-limit@2.0.0","MIT","https://github.com/sindresorhus/p-limit"
"p-locate@2.0.0","MIT","https://github.com/sindresorhus/p-locate"
"p-locate@3.0.0","MIT","https://github.com/sindresorhus/p-locate"
"p-map@1.2.0","MIT","https://github.com/sindresorhus/p-map"
"p-try@1.0.0","MIT","https://github.com/sindresorhus/p-try"
"p-try@2.0.0","MIT","https://github.com/sindresorhus/p-try"
"package-hash@2.0.0","ISC","https://github.com/novemberborn/package-hash"
"package-json@4.0.1","MIT","https://github.com/sindresorhus/package-json"
"pako@1.0.6","(MIT AND Zlib)","https://github.com/nodeca/pako"
"parallel-transform@1.1.0","MIT","https://github.com/mafintosh/parallel-transform"
"parse-asn1@5.1.1","ISC","https://github.com/crypto-browserify/parse-asn1"
"parse-json@2.2.0","MIT","https://github.com/sindresorhus/parse-json"
"parse-json@4.0.0","MIT","https://github.com/sindresorhus/parse-json"
"pascalcase@0.1.1","MIT","https://github.com/jonschlinkert/pascalcase"
"path-browserify@0.0.0","MIT","https://github.com/substack/path-browserify"
"path-dirname@1.0.2","MIT","https://github.com/es128/path-dirname"
"path-exists@2.1.0","MIT","https://github.com/sindresorhus/path-exists"
"path-exists@3.0.0","MIT","https://github.com/sindresorhus/path-exists"
"path-is-absolute@1.0.1","MIT","https://github.com/sindresorhus/path-is-absolute"
"path-is-inside@1.0.2","(WTFPL OR MIT)","https://github.com/domenic/path-is-inside"
"path-key@1.0.0","MIT","https://github.com/sindresorhus/path-key"
"path-key@2.0.1","MIT","https://github.com/sindresorhus/path-key"
"path-parse@1.0.6","MIT","https://github.com/jbgutierrez/path-parse"
"path-type@2.0.0","MIT","https://github.com/sindresorhus/path-type"
"path-type@3.0.0","MIT","https://github.com/sindresorhus/path-type"
"pathval@1.1.0","MIT","https://github.com/chaijs/pathval"
"pause-stream@0.0.11","MIT,Apache2","https://github.com/dominictarr/pause-stream"
"pbkdf2@3.0.17","MIT","https://github.com/crypto-browserify/pbkdf2"
"performance-now@2.1.0","MIT","https://github.com/braveg1rl/performance-now"
"pify@2.3.0","MIT","https://github.com/sindresorhus/pify"
"pify@3.0.0","MIT","https://github.com/sindresorhus/pify"
"pinkie-promise@2.0.1","MIT","https://github.com/floatdrop/pinkie-promise"
"pinkie@2.0.4","MIT","https://github.com/floatdrop/pinkie"
"pirates@4.0.0","MIT","https://github.com/ariporad/pirates"
"pkg-dir@1.0.0","MIT","https://github.com/sindresorhus/pkg-dir"
"pkg-dir@2.0.0","MIT","https://github.com/sindresorhus/pkg-dir"
"pkg-dir@3.0.0","MIT","https://github.com/sindresorhus/pkg-dir"
"please-upgrade-node@3.1.1","MIT","https://github.com/typicode/please-upgrade-node"
"pluralize@7.0.0","MIT","https://github.com/blakeembrey/pluralize"
"posix-character-classes@0.1.1","MIT","https://github.com/jonschlinkert/posix-character-classes"
"prelude-ls@1.1.2","MIT","https://github.com/gkz/prelude-ls"
"prepend-http@1.0.4","MIT","https://github.com/sindresorhus/prepend-http"
"pretty-format@23.6.0","MIT","https://github.com/facebook/jest"
"private@0.1.8","MIT","https://github.com/benjamn/private"
"process-nextick-args@2.0.0","MIT","https://github.com/calvinmetcalf/process-nextick-args"
"process@0.11.10","MIT","https://github.com/shtylman/node-process"
"progress@2.0.1","MIT","https://github.com/visionmedia/node-progress"
"promise-inflight@1.0.1","ISC","https://github.com/iarna/promise-inflight"
"prr@1.0.1","MIT","https://github.com/rvagg/prr"
"ps-tree@1.1.0","MIT","https://github.com/indexzero/ps-tree"
"pseudomap@1.0.2","ISC","https://github.com/isaacs/pseudomap"
"psl@1.1.29","MIT","https://github.com/wrangr/psl"
"pstree.remy@1.1.0","MIT",""
"public-encrypt@4.0.3","MIT","https://github.com/crypto-browserify/publicEncrypt"
"pump@2.0.1","MIT","https://github.com/mafintosh/pump"
"pump@3.0.0","MIT","https://github.com/mafintosh/pump"
"pumpify@1.5.1","MIT","https://github.com/mafintosh/pumpify"
"punycode@1.3.2","MIT","https://github.com/bestiejs/punycode.js"
"punycode@1.4.1","MIT","https://github.com/bestiejs/punycode.js"
"punycode@2.1.1","MIT","https://github.com/bestiejs/punycode.js"
"qs@6.5.2","BSD-3-Clause","https://github.com/ljharb/qs"
"querystring-es3@0.2.1","MIT","https://github.com/mike-spainhower/querystring"
"querystring@0.2.0","MIT","https://github.com/Gozala/querystring"
"randombytes@2.0.6","MIT","https://github.com/crypto-browserify/randombytes"
"randomfill@1.0.4","MIT","https://github.com/crypto-browserify/randomfill"
"rc@1.2.7","(BSD-2-Clause OR MIT OR Apache-2.0)","https://github.com/dominictarr/rc"
"rc@1.2.8","(BSD-2-Clause OR MIT OR Apache-2.0)","https://github.com/dominictarr/rc"
"read-installed@4.0.3","ISC","https://github.com/isaacs/read-installed"
"read-package-json@2.0.13","ISC","https://github.com/npm/read-package-json"
"read-pkg-up@2.0.0","MIT","https://github.com/sindresorhus/read-pkg-up"
"read-pkg-up@4.0.0","MIT","https://github.com/sindresorhus/read-pkg-up"
"read-pkg@2.0.0","MIT","https://github.com/sindresorhus/read-pkg"
"read-pkg@3.0.0","MIT","https://github.com/sindresorhus/read-pkg"
"read-pkg@4.0.1","MIT","https://github.com/sindresorhus/read-pkg"
"readable-stream@2.3.6","MIT","https://github.com/nodejs/readable-stream"
"readdir-scoped-modules@1.0.2","ISC","https://github.com/npm/readdir-scoped-modules"
"readdirp@2.2.1","MIT","https://github.com/paulmillr/readdirp"
"regenerate-unicode-properties@7.0.0","MIT","https://github.com/mathiasbynens/regenerate-unicode-properties"
"regenerate@1.4.0","MIT","https://github.com/mathiasbynens/regenerate"
"regenerator-transform@0.13.3","MIT","https://github.com/facebook/regenerator/tree/master/packages/regenerator-transform"
"regex-not@1.0.2","MIT","https://github.com/jonschlinkert/regex-not"
"regexpp@2.0.1","MIT","https://github.com/mysticatea/regexpp"
"regexpu-core@4.2.0","MIT","https://github.com/mathiasbynens/regexpu-core"
"registry-auth-token@3.3.2","MIT","https://github.com/rexxars/registry-auth-token"
"registry-url@3.1.0","MIT","https://github.com/sindresorhus/registry-url"
"regjsgen@0.4.0","MIT","https://github.com/bnjmnt4n/regjsgen"
"regjsparser@0.3.0","BSD-2-Clause","https://github.com/jviereck/regjsparser"
"release-zalgo@1.0.0","ISC","https://github.com/novemberborn/release-zalgo"
"remove-trailing-separator@1.1.0","ISC","https://github.com/darsain/remove-trailing-separator"
"repeat-element@1.1.3","MIT","https://github.com/jonschlinkert/repeat-element"
"repeat-string@1.6.1","MIT","https://github.com/jonschlinkert/repeat-string"
"request@2.88.0","Apache-2.0","https://github.com/request/request"
"require-directory@2.1.1","MIT","https://github.com/troygoode/node-require-directory"
"require-main-filename@1.0.1","ISC","https://github.com/yargs/require-main-filename"
"require-uncached@1.0.3","MIT","https://github.com/sindresorhus/require-uncached"
"resolve-cwd@2.0.0","MIT","https://github.com/sindresorhus/resolve-cwd"
"resolve-from@1.0.1","MIT","https://github.com/sindresorhus/resolve-from"
"resolve-from@3.0.0","MIT","https://github.com/sindresorhus/resolve-from"
"resolve-from@4.0.0","MIT","https://github.com/sindresorhus/resolve-from"
"resolve-url@0.2.1","MIT","https://github.com/lydell/resolve-url"
"resolve@1.8.1","MIT","https://github.com/browserify/resolve"
"restore-cursor@1.0.1","MIT","https://github.com/sindresorhus/restore-cursor"
"restore-cursor@2.0.0","MIT","https://github.com/sindresorhus/restore-cursor"
"ret@0.1.15","MIT","https://github.com/fent/ret.js"
"right-align@0.1.3","MIT","https://github.com/jonschlinkert/right-align"
"rimraf@2.6.2","ISC","https://github.com/isaacs/rimraf"
"ripemd160@2.0.2","MIT","https://github.com/crypto-browserify/ripemd160"
"run-applescript@3.2.0","MIT","https://github.com/sindresorhus/run-applescript"
"run-async@2.3.0","MIT","https://github.com/SBoudrias/run-async"
"run-node@1.0.0","MIT","https://github.com/sindresorhus/run-node"
"run-queue@1.0.3","ISC","https://github.com/iarna/run-queue"
"rxjs@6.3.3","Apache-2.0","https://github.com/reactivex/rxjs"
"safe-buffer@5.1.1","MIT","https://github.com/feross/safe-buffer"
"safe-buffer@5.1.2","MIT","https://github.com/feross/safe-buffer"
"safe-regex@1.1.0","MIT","https://github.com/substack/safe-regex"
"safer-buffer@2.1.2","MIT","https://github.com/ChALkeR/safer-buffer"
"sax@1.2.4","ISC","https://github.com/isaacs/sax-js"
"schema-utils@0.4.7","MIT","https://github.com/webpack-contrib/schema-utils"
"semver-compare@1.0.0","MIT","https://github.com/substack/semver-compare"
"semver-diff@2.1.0","MIT","https://github.com/sindresorhus/semver-diff"
"semver@5.5.0","ISC","https://github.com/npm/node-semver"
"semver@5.6.0","ISC","https://github.com/npm/node-semver"
"serialize-javascript@1.5.0","BSD-3-Clause","https://github.com/yahoo/serialize-javascript"
"set-blocking@2.0.0","ISC","https://github.com/yargs/set-blocking"
"set-value@0.4.3","MIT","https://github.com/jonschlinkert/set-value"
"set-value@2.0.0","MIT","https://github.com/jonschlinkert/set-value"
"setimmediate@1.0.5","MIT","https://github.com/YuzuJS/setImmediate"
"sha.js@2.4.11","(MIT AND BSD-3-Clause)","https://github.com/crypto-browserify/sha.js"
"shebang-command@1.2.0","MIT","https://github.com/kevva/shebang-command"
"shebang-regex@1.0.0","MIT","https://github.com/sindresorhus/shebang-regex"
"signal-exit@3.0.2","ISC","https://github.com/tapjs/signal-exit"
"simple-git@1.106.0","MIT","https://github.com/steveukx/git-js"
"slash@1.0.0","MIT","https://github.com/sindresorhus/slash"
"slash@2.0.0","MIT","https://github.com/sindresorhus/slash"
"slice-ansi@0.0.4","MIT","https://github.com/chalk/slice-ansi"
"slice-ansi@1.0.0","MIT","https://github.com/chalk/slice-ansi"
"slide@1.1.6","ISC","https://github.com/isaacs/slide-flow-control"
"snapdragon-node@2.1.1","MIT","https://github.com/jonschlinkert/snapdragon-node"
"snapdragon-util@3.0.1","MIT","https://github.com/jonschlinkert/snapdragon-util"
"snapdragon@0.8.2","MIT","https://github.com/jonschlinkert/snapdragon"
"source-list-map@2.0.1","MIT","https://github.com/webpack/source-list-map"
"source-map-resolve@0.5.2","MIT","https://github.com/lydell/source-map-resolve"
"source-map-support@0.5.9","MIT","https://github.com/evanw/node-source-map-support"
"source-map-url@0.4.0","MIT","https://github.com/lydell/source-map-url"
"source-map@0.4.4","BSD-3-Clause","https://github.com/mozilla/source-map"
"source-map@0.5.7","BSD-3-Clause","https://github.com/mozilla/source-map"
"source-map@0.6.1","BSD-3-Clause","https://github.com/mozilla/source-map"
"spawn-wrap@1.4.2","ISC","https://github.com/isaacs/spawn-wrap"
"spdx-compare@1.0.0","MIT","https://github.com/kemitchell/spdx-compare.js"
"spdx-correct@3.0.0","Apache-2.0","https://github.com/jslicense/spdx-correct.js"
"spdx-correct@3.0.2","Apache-2.0","https://github.com/jslicense/spdx-correct.js"
"spdx-exceptions@1.0.5","CC-BY-3.0","https://github.com/kemitchell/spdx-exceptions.json"
"spdx-exceptions@2.1.0","CC-BY-3.0","https://github.com/kemitchell/spdx-exceptions.json"
"spdx-exceptions@2.2.0","CC-BY-3.0","https://github.com/kemitchell/spdx-exceptions.json"
"spdx-expression-parse@3.0.0","MIT","https://github.com/jslicense/spdx-expression-parse.js"
"spdx-license-ids@1.2.2","Unlicense","https://github.com/shinnn/spdx-license-ids"
"spdx-license-ids@3.0.0","CC0-1.0","https://github.com/shinnn/spdx-license-ids"
"spdx-license-ids@3.0.2","CC0-1.0","https://github.com/shinnn/spdx-license-ids"
"spdx-ranges@2.0.0","CC-BY-3.0","https://github.com/kemitchell/spdx-ranges.js"
"spdx-satisfies@4.0.0","MIT","https://github.com/kemitchell/spdx-satisfies.js"
"spdx@0.5.2","MIT","https://github.com/kemitchell/spdx.js"
"split-string@3.1.0","MIT","https://github.com/jonschlinkert/split-string"
"split@1.0.1","MIT","https://github.com/dominictarr/split"
"sprintf-js@1.0.3","BSD-3-Clause","https://github.com/alexei/sprintf.js"
"sshpk@1.15.2","MIT","https://github.com/joyent/node-sshpk"
"ssri@5.3.0","ISC","https://github.com/zkat/ssri"
"staged-git-files@1.1.2","BSD-2-Clause","https://github.com/mcwhittemore/staged-git-files"
"static-extend@0.1.2","MIT","https://github.com/jonschlinkert/static-extend"
"stream-browserify@2.0.1","MIT","https://github.com/substack/stream-browserify"
"stream-combiner@0.2.2","MIT","https://github.com/dominictarr/stream-combiner"
"stream-each@1.2.3","MIT","https://github.com/mafintosh/stream-each"
"stream-http@2.8.3","MIT","https://github.com/jhiesey/stream-http"
"stream-shift@1.0.0","MIT","https://github.com/mafintosh/stream-shift"
"string-argv@0.0.2","MIT","https://github.com/mccormicka/string-argv"
"string-width@1.0.2","MIT","https://github.com/sindresorhus/string-width"
"string-width@2.1.1","MIT","https://github.com/sindresorhus/string-width"
"string_decoder@1.1.1","MIT","https://github.com/nodejs/string_decoder"
"stringify-object@3.3.0","BSD-2-Clause","https://github.com/yeoman/stringify-object"
"strip-ansi@3.0.1","MIT","https://github.com/chalk/strip-ansi"
"strip-ansi@4.0.0","MIT","https://github.com/chalk/strip-ansi"
"strip-bom@3.0.0","MIT","https://github.com/sindresorhus/strip-bom"
"strip-eof@1.0.0","MIT","https://github.com/sindresorhus/strip-eof"
"strip-json-comments@2.0.1","MIT","https://github.com/sindresorhus/strip-json-comments"
"supports-color@2.0.0","MIT","https://github.com/chalk/supports-color"
"supports-color@5.4.0","MIT","https://github.com/chalk/supports-color"
"supports-color@5.5.0","MIT","https://github.com/chalk/supports-color"
"symbol-observable@1.2.0","MIT","https://github.com/blesh/symbol-observable"
"table@5.1.0","BSD-3-Clause","https://github.com/gajus/table"
"tapable@1.1.0","MIT","https://github.com/webpack/tapable"
"tar@4.4.1","ISC","https://github.com/npm/node-tar"
"tar@4.4.6","ISC","https://github.com/npm/node-tar"
"term-size@1.2.0","MIT","https://github.com/sindresorhus/term-size"
"test-exclude@5.0.0","ISC","https://github.com/istanbuljs/istanbuljs"
"text-table@0.2.0","MIT","https://github.com/substack/text-table"
"through2@2.0.3","MIT","https://github.com/rvagg/through2"
"through@2.3.8","MIT","https://github.com/dominictarr/through"
"timed-out@4.0.1","MIT","https://github.com/floatdrop/timed-out"
"timers-browserify@2.0.10","MIT","https://github.com/jryans/timers-browserify"
"tmp@0.0.33","MIT","https://github.com/raszi/node-tmp"
"to-arraybuffer@1.0.1","MIT","https://github.com/jhiesey/to-arraybuffer"
"to-fast-properties@2.0.0","MIT","https://github.com/sindresorhus/to-fast-properties"
"to-object-path@0.3.0","MIT","https://github.com/jonschlinkert/to-object-path"
"to-regex-range@2.1.1","MIT","https://github.com/micromatch/to-regex-range"
"to-regex@3.0.2","MIT","https://github.com/jonschlinkert/to-regex"
"touch@3.1.0","ISC","https://github.com/isaacs/node-touch"
"tough-cookie@2.4.3","BSD-3-Clause","https://github.com/salesforce/tough-cookie"
"trash@4.3.0","MIT","https://github.com/sindresorhus/trash"
"treeify@1.1.0","MIT","https://github.com/notatestuser/treeify"
"trim-right@1.0.1","MIT","https://github.com/sindresorhus/trim-right"
"tslib@1.9.3","Apache-2.0","https://github.com/Microsoft/tslib"
"tty-browserify@0.0.0","MIT","https://github.com/substack/tty-browserify"
"tunnel-agent@0.6.0","Apache-2.0","https://github.com/mikeal/tunnel-agent"
"tweetnacl@0.14.5","Unlicense","https://github.com/dchest/tweetnacl-js"
"type-check@0.3.2","MIT","https://github.com/gkz/type-check"
"type-detect@4.0.8","MIT","https://github.com/chaijs/type-detect"
"typedarray@0.0.6","MIT","https://github.com/substack/typedarray"
"uglify-es@3.3.9","BSD-2-Clause","https://github.com/mishoo/UglifyJS2.git#harmony"
"uglify-js@2.8.29","BSD-2-Clause","https://github.com/mishoo/UglifyJS2"
"uglify-js@3.4.9","BSD-2-Clause","https://github.com/mishoo/UglifyJS2"
"uglify-to-browserify@1.0.2","MIT","https://github.com/ForbesLindesay/uglify-to-browserify"
"uglifyjs-webpack-plugin@1.3.0","MIT","https://github.com/webpack-contrib/uglifyjs-webpack-plugin"
"undefsafe@2.0.2","MIT","https://github.com/remy/undefsafe"
"unicode-canonical-property-names-ecmascript@1.0.4","MIT","https://github.com/mathiasbynens/unicode-canonical-property-names-ecmascript"
"unicode-match-property-ecmascript@1.0.4","MIT","https://github.com/mathiasbynens/unicode-match-property-ecmascript"
"unicode-match-property-value-ecmascript@1.0.2","MIT","https://github.com/mathiasbynens/unicode-match-property-value-ecmascript"
"unicode-property-aliases-ecmascript@1.0.4","MIT","https://github.com/mathiasbynens/unicode-property-aliases-ecmascript"
"union-value@1.0.0","MIT","https://github.com/jonschlinkert/union-value"
"unique-filename@1.1.1","ISC","https://github.com/iarna/unique-filename"
"unique-slug@2.0.1","ISC","https://github.com/iarna/unique-slug"
"unique-string@1.0.0","MIT","https://github.com/sindresorhus/unique-string"
"unset-value@1.0.0","MIT","https://github.com/jonschlinkert/unset-value"
"unzip-response@2.0.1","MIT","https://github.com/sindresorhus/unzip-response"
"upath@1.1.0","MIT","https://github.com/anodynos/upath"
"update-notifier@2.5.0","BSD-2-Clause","https://github.com/yeoman/update-notifier"
"uri-js@4.2.2","BSD-2-Clause","https://github.com/garycourt/uri-js"
"urix@0.1.0","MIT","https://github.com/lydell/urix"
"url-parse-lax@1.0.0","MIT","https://github.com/sindresorhus/url-parse-lax"
"url@0.11.0","MIT","https://github.com/defunctzombie/node-url"
"use@3.1.1","MIT","https://github.com/jonschlinkert/use"
"user-home@2.0.0","MIT","https://github.com/sindresorhus/user-home"
"util-deprecate@1.0.2","MIT","https://github.com/TooTallNate/util-deprecate"
"util-extend@1.0.3","MIT","https://github.com/isaacs/util-extend"
"util.promisify@1.0.0","MIT","https://github.com/ljharb/util.promisify"
"util@0.10.3","MIT","https://github.com/defunctzombie/node-util"
"util@0.10.4","MIT","https://github.com/defunctzombie/node-util"
"uuid@3.3.2","MIT","https://github.com/kelektiv/node-uuid"
"v8-compile-cache@2.0.2","MIT",""
"validate-npm-package-license@3.0.3","Apache-2.0","https://github.com/kemitchell/validate-npm-package-license.js"
"validate-npm-package-license@3.0.4","Apache-2.0","https://github.com/kemitchell/validate-npm-package-license.js"
"verror@1.10.0","MIT","https://github.com/davepacheco/node-verror"
"vm-browserify@0.0.4","MIT","https://github.com/substack/vm-browserify"
"watchpack@1.6.0","MIT","https://github.com/webpack/watchpack"
"webpack-cli@3.1.2","MIT","https://github.com/webpack/webpack-cli"
"webpack-sources@1.3.0","MIT","https://github.com/webpack/webpack-sources"
"webpack@4.24.0","MIT","https://github.com/webpack/webpack"
"which-module@2.0.0","ISC","https://github.com/nexdrew/which-module"
"which@1.3.1","ISC","https://github.com/isaacs/node-which"
"wide-align@1.1.2","ISC","https://github.com/iarna/wide-align"
"wide-align@1.1.3","ISC","https://github.com/iarna/wide-align"
"widest-line@2.0.1","MIT","https://github.com/sindresorhus/widest-line"
"window-size@0.1.0","MIT","https://github.com/jonschlinkert/window-size"
"wordwrap@0.0.2","MIT*","https://github.com/substack/node-wordwrap"
"wordwrap@0.0.3","MIT","https://github.com/substack/node-wordwrap"
"wordwrap@1.0.0","MIT","https://github.com/substack/node-wordwrap"
"worker-farm@1.6.0","MIT","https://github.com/rvagg/node-worker-farm"
"wrap-ansi@2.1.0","MIT","https://github.com/chalk/wrap-ansi"
"wrap-ansi@3.0.1","MIT","https://github.com/chalk/wrap-ansi"
"wrappy@1.0.2","ISC","https://github.com/npm/wrappy"
"write-file-atomic@2.3.0","ISC","https://github.com/iarna/write-file-atomic"
"write@0.2.1","MIT","https://github.com/jonschlinkert/write"
"xdg-basedir@2.0.0","MIT","https://github.com/sindresorhus/xdg-basedir"
"xdg-basedir@3.0.0","MIT","https://github.com/sindresorhus/xdg-basedir"
"xdg-trashdir@2.1.1","MIT","https://github.com/kevva/xdg-trashdir"
"xregexp@4.0.0","MIT","https://github.com/slevithan/xregexp"
"xtend@4.0.1","MIT","https://github.com/Raynos/xtend"
"y18n@3.2.1","ISC","https://github.com/yargs/y18n"
"y18n@4.0.0","ISC","https://github.com/yargs/y18n"
"yallist@2.1.2","ISC","https://github.com/isaacs/yallist"
"yallist@3.0.2","ISC","https://github.com/isaacs/yallist"
"yargs-parser@10.1.0","ISC","https://github.com/yargs/yargs-parser"
"yargs-parser@9.0.2","ISC","https://github.com/yargs/yargs-parser"
"yargs@11.1.0","MIT","https://github.com/yargs/yargs"
"yargs@12.0.2","MIT","https://github.com/yargs/yargs"
"yargs@3.10.0","MIT","https://github.com/bcoe/yargs"
